{
  "project_info": {
    "project_number": "124398388311",
    "project_id": "daconnect-a0fe7",
    "storage_bucket": "daconnect-a0fe7.appspot.com"
  },
  "client": [
    {
      "client_info": {
        "mobilesdk_app_id": "1:124398388311:android:387c579d592329f6f8cf12",
        "android_client_info": {
          "package_name": "com.example.da_connect"
        }
      },
      "oauth_client": [
        {
          "client_id": "124398388311-4ah927880mopsvrpp1i849lice43leqt.apps.googleusercontent.com",
          "client_type": 1,
          "android_info": {
            "package_name": "com.example.da_connect",
            "certificate_hash": "11d865cff7e2e464f3a6c5b117a71f66d742e54d"
          }
        },
        {
          "client_id": "124398388311-44n029t588rhbub5nml2kvl8do9ebhbn.apps.googleusercontent.com",
          "client_type": 3
        }
      ],
      "api_key": [
        {
          "current_key": "AIzaSyABugUdt9AQiv-JUEQ9lOcmrsVUpyjdrYo"
        }
      ],
      "services": {
        "appinvite_service": {
          "other_platform_oauth_client": [
            {
              "client_id": "124398388311-44n029t588rhbub5nml2kvl8do9ebhbn.apps.googleusercontent.com",
              "client_type": 3
            }
          ]
        }
      }
    }
  ],
  "configuration_version": "1"
}